;author;year;avgsentlen
PG14379;Finley;1868;26.75796178343949
PG38504;Byron;1898;17.86602870813397
PG63386;Russell;1878;22.943234836702956
PG52701;Harland;1883;19.28738910012674
PG14369;Hancock;1895;16.992087042532145
PG10565;Jacobs;1903;23.45679012345679
PG32566;Mitford;1884;19.668016194331983
PG50169;Atherton;1902;19.0381679389313
PG65841;Stockton;1868;20.103896103896105
PG28221;Raymond;1876;21.50687120485778
PG12269;Bell;1902;16.048210922787195
PG56834;Forrester;1911;20.403924221921514
PG43159;Peard;1879;20.035014836795252
PG43249;MacDonald;1893;30.089601769911503
PG27913;Reid;1850;19.562523008958156
PG17636;Stratemeyer;1896;14.659660624758967
PG289;Grahame;1896;24.60707635009311
PG27680;Hancock;1895;16.845563794425978
PG32924;Fenn;1870;25.32880902313133
PG12352;Harper;1868;20.816838995568684
PG32524;Brazil;1908;20.522860492379834
PG61378;Oliphant;1862;13.983855328226511
PG56883;Harris;1878;22.183275058275058
PG65433;Montgomery;1892;23.520274129069104
PG1734;Wells;1906;17.210745522698875
PG36333;Brandeis;1917;15.466281310211945
PG44336;Stringer;1912;19.861392210978227
PG14872;Potter;1904;26.492753623188406
PG30446;Cobb;1893;21.17230376515635
PG65153;Oliphant;1862;23.797467233439605
PG18654;Stockton;1868;21.062381852551987
PG2285;Raine;1912;17.287529112852003
PG40262;Standish;1906;15.325287207951465
PG50438;Munro;1897;25.932468694096602
PG1278;Wiggin;1890;27.114266396213658
PG37152;Sheard;1904;18.755200774068697
PG26367;Hough;1890;20.653580587887156
PG21652;Ellis;1878;25.488139167105956
PG6230;Parker;1897;24.307820299500833
PG2903;Galsworthy;1900;27.47716346153846
PG24353;Thayer;1887;21.99092615769712
PG66453;Stacpoole;1907;26.40719696969697
PG32556;Raymond;1876;19.211121022896222
PG53997;Merwin;1905;17.15486121644168
PG47991;Munro;1897;23.772606382978722
PG32249;Otis;1880;28.241792197759754
PG18531;Wiggin;1890;30.361241217798593
PG21993;Sand;1840;24.679493670886075
PG10926;Jackson;1858;24.386008387342738
PG33857;Freytag;1856;23.926383234332242
PG16259;Baum;1888;27.268902038132808
PG3292;Yonge;1862;27.75844277673546
PG15335;Loti;1886;32.136679920477135
PG54678;Barzini;1910;15.226976069615663
PG21693;Ballantyne;1860;25.273150962512666
PG56986;Benson;1904;22.897419144070565
PG30810;Finnemore;1889;19.98259799613289
PG54078;Pansy;1886;24.86925960637301
PG60486;A. L. O. E.;1857;27.946105428796223
PG37252;Stables;1875;23.85307621671258
PG38531;Allen;1874;19.57932718996336
PG904;Stratton-Porter;1894;22.54155423637345
PG1557;Pyle;1882;27.335930196322842
PG3103;Warner;1864;22.517638036809817
PG12609;Hobart;1896;21.559390862944163
PG42731;Black;1870;27.311150442477874
PG62336;Russell;1878;31.870708872046368
PG45745;Bensusan;1915;29.828592005761614
PG25993;Henty;1867;28.163563598399165
PG64903;Sabin;1911;17.58474753823591
PG1883;Chekhov;1882;23.97837578087458
PG8913;MacDonald;1864;25.12747353888633
PG21482;Kingston;1847;33.75839222614841
PG21478;Kingston;1847;27.522308546059932
PG51701;Richards;1896;17.38753581661891
PG42044;Oliphant;1862;26.502713369511593
PG21363;Fenn;1870;19.51835241354892
PG23121;Holt;1864;21.30776992936428
PG56177;Hume;1896;24.533781653882524
PG54854;Harland;1883;18.633390410958903
PG23063;Coppée;1875;24.737373737373737
PG41438;Hope;1898;26.0085497150095
PG8886;MacDonald;1864;20.31815586640023
PG4404;Meredith;1868;34.18574514038877
PG23493;Ballantyne;1860;26.949707348796878
PG30031;Erskine;1889;19.966663172240278
PG18640;Trollope;1848;21.911334978984588
PG34681;Ellis;1878;20.4763202725724
PG58099;France;1884;20.95380507343124
PG56685;Rich;1884;27.77150818530129
PG35374;Bangs;1892;20.976923076923075
PG49173;Wells;1902;16.613636363636363
PG33615;Stratemeyer;1896;16.289631533847473
PG2866;Ainsworth;1844;24.02668759811617
PG66471;Grier;1900;31.381481481481483
PG56692;Burnett;1886;23.723837209302324
PG21298;Fenn;1870;21.965867320147034
PG28302;Paine;1899;18.39331619537275
PG5480;Ebers;1868;31.271604938271604
PG746;London;1896;20.83061084420041
PG45651;Finley;1868;24.12268188302425
PG17824;Bannerman;1904;24.1
PG18145;Armour;1868;23.35456403269755
PG53204;Wetmore;1904;21.753544728022685
PG63868;Ellis;1878;24.43337195828505
PG63483;Standish;1906;15.328748890860693
PG49222;Blackwood;1910;27.093208524198367
PG29361;Sampson;1912;20.037974683544302
PG57623;Speight;1872;29.745627980922098
PG4969;Trollope;1848;20.94885941644562
PG46358;Johnson;1915;18.007363353157746
PG25980;Ellis;1878;29.587851750171584
PG44659;Brady;1890;17.717619353457504
PG8513;Zola;1871;28.474395047833426
PG4514;Wharton;1900;22.760853703028094
PG7318;Henty;1867;31.00694058856191
PG2029;Ellis;1913;23.799044205495818
PG50978;Barr;1875;22.701762179771954
PG204;Chesterton;1905;23.330143540669855
PG13541;Bierce;1878;32.442057062345896
PG17598;Parrish;1890;22.00323747857551
PG58406;Kuprin;1904;18.976488627651417
PG21738;Ballantyne;1860;27.816200852676456
PG16468;Freeman;1891;22.78855649143189
PG55961;Hume;1896;14.578145087235995
PG17973;Morris;1865;52.304297328687575
PG28236;Grant;1896;21.21985178531327
PG1931;Oppenheim;1906;15.620368713083945
PG1927;Cooper;1854;28.832936192745564
PG30836;Biggers;1908;16.25072980862796
PG8424;Cooke;1858;20.06658857451793
PG39349;Bindloss;1906;17.163409163729575
PG21701;Ballantyne;1860;28.019804287045666
PG5380;Churchill;1909;19.750384024577574
PG62586;Russell;1878;21.662381218557854
PG39192;Wood;1850;23.25845253576073
PG15534;Masters;1909;17.01225981374514
PG12828;Le Fanu;1844;43.404151404151406
PG64435;Mathewson;1902;18.126651758487498
PG57466;Seaman;1914;20.518228145825166
PG3786;Kingsley;1853;22.87035514633344
PG39631;Gould;1888;19.098878988215006
PG32555;Otis;1880;44.511984659635665
PG6011;Savage;1874;14.99611153262519
PG53179;Stacpoole;1907;22.055555555555557
PG58192;Barbour;1907;16.609873949579832
PG56029;Ridge;1894;25.422482685135854
PG33897;Stoddard;1880;21.308286703970158
PG1948;Aldrich;1872;25.419525999292535
PG35252;Werner;1878;22.770100502512562
PG20569;Peterson;1854;23.31835892734357
PG16726;Blackwood;1910;22.33911925425908
PG27935;Munsey;1890;22.07524030493868
PG55832;Hains;1910;25.018438844499077
PG19502;Standish;1906;17.351553930530166
PG4489;Meredith;1868;23.673654390934843
PG65923;Ellis;1878;27.15439429928741
PG2722;Haggard;1890;27.475573280159523
PG22565;Alger;1866;14.736912751677853
PG38626;Spyri;1864;21.490216271884655
PG49906;Munro;1897;23.47635392829901
PG34858;Meredith;1868;17.69958171496863
PG4311;Gissing;1880;18.55705292150305
PG31496;Andersen Nexø;1912;19.572344840596113
PG4477;Meredith;1868;24.18623188405797
PG39994;Wood;1919;18.389482935403546
PG3760;Disraeli;1842;24.69943651840307
PG44954;Mathews;1875;24.19530009526834
PG59413;Watanna;1914;18.374427550833484
PG46958;Miller;1894;19.82485345838218
PG48510;Cunninghame Graham;1894;50.187185025197984
PG16143;Waterloo;1880;23.174878951865566
PG21870;Blasco Ibáñez;1898;24.252536640360766
PG5991;Von Arnim;1904;38.136650868878355
PG32460;Goldfrap;1898;18.894063627418827
PG48112;Miln;1898;20.171898863057866
PG3653;Altsheler;1890;20.743407356002777
PG21731;Ballantyne;1860;27.28497854077253
PG21619;Bailey;1913;13.811217510259917
PG40487;Hay;1914;17.669901199717714
PG7478;Otis;1880;37.779035139964265
PG23871;Harris;1878;21.473389355742295
PG15607;Holmes;1866;39.63688808307236
PG46398;Ainsworth;1844;20.662717670568085
PG22477;Lawrence;1908;15.111940298507463
PG39427;Turgenev;1850;20.297211155378488
PG32923;Stanley;1872;29.401002041195028
PG47764;Johonnot;1856;21.227906976744187
PG23810;Chopin;1877;23.83380726698262
PG38684;Mason;1906;20.33685396423039
PG37688;King;1888;28.38093443858327
PG34935;Delafield;1916;23.37374262920569
PG33066;Brand;1918;16.70185810810811
PG51792;Alger;1866;14.99675522206449
PG54763;Ogden;1890;32.01980198019802
PG25847;Wells;1902;19.493527953731753
PG3932;Massa;1871;20.692901234567902
PG21344;Stratemeyer;1896;15.351504138905714
PG56868;Castlemon;1878;24.516782582400968
PG34141;Fenn;1870;22.3906362545018
PG29892;Ellis;1878;23.966654584994565
PG5636;Page;1897;22.067150147730324
PG56987;Zola;1871;28.27001939595456
PG23683;Leslie;1854;20.5176322418136
PG38635;Bindloss;1906;21.059944237918216
PG56541;Zola;1871;22.256633663366337
PG53356;Alexander;1864;31.30327868852459
PG54424;Trollope;1848;22.59117514633048
PG12128;Jacobs;1903;29.71627906976744
PG24297;Graydon;1905;19.112914950327113
PG19140;Tytler;1870;31.44074074074074
PG1210;Hearn;1877;29.556993222427604
PG23765;Dickens;1841;21.09090909090909
PG55125;Oliphant;1862;22.81479963103413
PG3178;Twain;1872;23.3161180476731
PG16168;Reeve;1908;19.932609232288325
PG5658;Conrad;1890;21.205678233438487
PG27001;Sholem Aleichem;1888;15.19019976096978
PG30436;Douglas;1874;20.760475875743555
PG58987;Wood;1897;26.73605789697744
PG27805;Grahame;1896;24.7958359229335
PG41790;Jackson;1891;19.454092339979013
PG18875;Stringer;1912;19.512241566920565
PG22878;Borrow;1842;31.097162002365
PG20357;Webster;1896;17.6028659160696
PG28098;Murray;1872;31.93896321070234
PG28459;Anstey;1895;22.113707165109034
PG23607;Harris;1902;28.170401493930907
PG16283;Hawthorne;1890;21.38307823129252
PG37010;Chester;1896;23.425764634393357
PG47739;Taggart;1906;25.149802890932982
PG3993;Loti;1886;33.82235528942116
PG65830;Stretton;1872;19.159270998415213
PG18498;Housman;1912;23.778478162989643
PG7797;Howells;1878;18.964825046040517
PG25519;Baum;1888;22.80625
PG22731;Quigg;1891;18.855048859934854
PG45262;Goldfrap;1898;19.25171939477304
PG18833;Henty;1867;27.417601995367896
PG21364;Fenn;1870;20.298286154438667
PG24359;Belasco;1892;15.124591292376527
PG49848;Godfrey;1905;17.867975889558622
PG10935;Lagerlöf;1899;21.626788465771515
PG4629;Arthur;1847;19.58694973462379
PG38875;Wingfield;1866;21.511848341232227
PG18688;Warner;1852;17.36638807318726
PG28877;Wiggin;1890;29.226621417797887
PG61754;MacFall;1894;25.651391912017413
PG54195;Alger;1866;15.719752030782386
PG6298;Parker;1897;18.535885167464116
PG6305;Browne;1906;15.990560949298814
PG12354;Stowe;1854;25.457169900615238
PG8899;Glyn;1904;19.98304589301374
PG28489;Locke;1896;18.178066612510154
PG1089;London;1896;17.670614155879925
PG21709;Ballantyne;1860;26.949442040537463
PG17718;Evans;1872;27.335198656966984
PG40471;Brooks;1864;34.39149560117302
PG21109;Vaizey;1887;21.2621776504298
PG14352;Wells;1902;16.47530864197531
PG33325;James;1880;23.397959183673468
PG33683;Bjørnson;1871;21.39540675152186
PG2370;MacDonald;1864;31.977298524404087
PG8078;Stephens;1848;25.142161504125525
PG16249;Hornblow;1904;16.334281144481963
PG57946;Speight;1872;24.021887334050952
PG19360;Ewing;1863;24.465056082830024
PG38443;Doyle;1894;17.9279128248114
PG21293;Fenn;1870;22.60226426336958
PG34830;Leslie;1854;20.736720554272516
PG16476;Stratemeyer;1896;16.19877819548872
PG46892;Johnson;1915;18.756795766177532
PG2635;Harte;1869;24.477112020841087
PG22284;Morrow;1910;15.129951745034228
PG17627;Benson;1892;22.060421468554495
PG55274;Hains;1910;24.13143176733781
PG34476;Barrett;1887;36.93922996878252
PG32513;Fanny;1858;21.652236652236653
PG42307;Castlemon;1878;28.99350930333189
PG942;Hudson;1882;32.342972816657024
PG38646;Marshall;1900;21.82115127175368
PG13728;Ward;1886;21.78449083366787
PG33762;Von Arnim;1904;24.98135198135198
PG45974;Grey;1906;16.212648070309516
PG62026;Curtis;1909;27.201660735468565
PG29406;Curwood;1902;22.82346767422334
PG54926;Reid;1883;22.536250225998916
PG11082;Ainsworth;1844;22.87326419405871
PG3930;Claretie;1876;22.80562320123976
PG40493;Tracy;1896;17.197489135683245
PG36295;Von Arnim;1904;23.295419952954198
PG56719;Veselitskaia;1896;22.211880438895196
PG26451;Young;1863;25.97165991902834
PG19649;Tracy;1896;19.429967426710096
PG61954;Oliphant;1862;22.402631578947368
PG23664;Waller;1896;23.03702717101758
PG55329;Barr;1881;22.945675105485233
PG5481;Ebers;1868;28.00136798905609
PG6009;Van Dyke;1892;18.75332963374029
PG15180;Rice;1906;19.01759755164499
PG6199;Parker;1897;18.898176291793312
PG59823;Stratton-Porter;1894;23.195677233429397
PG50862;Gordon;1894;30.181818181818183
PG5559;Ebers;1868;46.26645264847512
PG1056;London;1896;19.827860805061633
PG553;Burroughs;1912;24.917386609071276
PG55764;Stratemeyer;1896;18.596170033670035
PG5073;Reeve;1908;19.075525525525524
PG11988;Blackwood;1910;28.41254752851711
PG8869;Stephens;1886;19.970103380832636
PG8944;MacDonald;1864;20.53987891550408
PG2508;Harte;1869;23.27469228459922
PG39105;Cooper;1848;44.498383968972206
PG30059;James;1880;22.973333333333333
PG35401;Stevens;1916;23.261648745519715
PG21930;Jacobs;1903;18.06175611947002
PG2697;Holmes;1852;27.477196095829637
PG33963;Rives;1916;18.91773740954069
PG26624;Baum;1888;23.300933786078097
PG17279;Dougall;1890;25.797581821972067
PG25203;Reid;1850;27.041470311027332
PG5087;Reeve;1908;18.77787007808606
PG9298;Sinclair;1904;15.314045239347712
PG3978;Daudet;1868;22.054918032786887
PG15242;Conquest;1912;39.52329124945581
PG6485;Mitchell;1872;21.91340160284951
PG34000;Trollope;1848;22.198500060481432
PG64458;Morris;1886;30.638591117917304
PG1415;Dickens;1841;24.56568778979907
PG5610;Harland;1883;16.77545871559633
PG63599;Suttner;1878;24.095238095238095
PG5340;Montgomery;1908;19.274077046548957
PG54404;Baring-Gould;1879;17.435708795432085
PG32930;Brereton;1914;23.506729081334115
PG15760;Altsheler;1890;19.766260162601625
PG17349;Castlemon;1878;24.705737704918032
PG6289;Parker;1897;22.745987438939288
PG20280;Vachell;1908;17.711466318708204
PG23070;Kingston;1847;33.11190168175938
PG18496;Johnston;1897;19.615281501340483
PG6426;Hancock;1895;18.34157226227257
PG1550;Burnett;1886;28.653473132372216
PG56237;Hume;1896;19.081329423264908
PG39853;French;1884;22.51159420289855
PG66215;Oyen;1902;15.260737746336533
PG55923;Castlemon;1878;22.04579614842649
PG44590;Russell;1878;20.305993690851736
PG1711;Haggard;1890;27.361984935755427
PG58263;Leonard;1905;21.83387622149837
PG35526;Leslie;1854;23.524233432245303
PG33004;Boothby;1886;22.829041789784718
PG31167;Ewald;1882;17.344789762340035
PG36808;Ritchie;1859;24.955574912891986
PG59100;Holley;1881;25.49484536082474
PG5383;Churchill;1909;24.238486842105264
PG25818;Collingwood;1886;36.03019410496046
PG32271;Dahn;1873;19.178516552591145
PG5971;McCutcheon;1897;17.067022086824068
PG49772;Johnston;1903;19.285810719589577
PG23010;Harris;1894;21.002529510961214
PG47556;Oliphant;1862;24.529833546734956
PG25584;Le Fanu;1844;26.375
PG14001;Hough;1890;20.000972604960285
PG20716;Bailey;1913;16.18386023294509
PG1444;Henry;1886;19.497929892354403
PG215;London;1896;23.52498530276308
PG5582;Ebers;1868;23.0684811237928
PG66498;Knapp;1884;28.59912216532553
PG19174;Wood;1912;21.385570209464703
PG57166;Garvice;1885;18.180568370548073
PG21055;Binns;1904;19.40262957317073
PG60037;Hughes;1914;17.926560871076102
PG8805;Merriman;1882;20.42081894425259
PG33361;Baum;1888;22.21799591002045
PG49108;France;1884;25.096577017114914
PG169;Morris;1865;40.74001125492403
PG21751;Ballantyne;1860;23.861764705882354
PG24499;Hichens;1907;17.353385643708226
PG759;Beerbohm;1914;20.458984375
PG46793;Vimar;1884;26.06088560885609
PG22663;Kompert;1854;21.1994301994302
PG321;Norris;1886;19.414414414414413
PG31886;Jókai;1864;23.27080123266564
PG32234;Jókai;1864;25.861909650924023
PG20355;Gibbon;1902;21.531523378582204
PG52302;Kingsley;1898;20.831070287539937
PG16048;Wallace;1901;19.805047867711053
PG7517;Wharton;1900;22.10536277602524
PG63705;Ingraham;1874;18.200876908087043
PG41866;Standish;1906;15.22714404662781
PG30482;Upward;1894;20.521357090554066
PG2762;Haggard;1890;25.245455911071055
PG26259;Southworth;1859;18.977506615701266
PG25581;Baum;1888;26.807479813004676
PG31007;Molesworth;1880;7.984575442883323
PG21636;Cupples;1868;26.800705467372133
PG1299;Bower;1906;24.389873417721518
PG30494;Craik;1856;27.36495791889824
PG12493;Byrum;1904;28.792336217552535
PG28193;Paine;1899;35.772815533980584
PG5895;Curwood;1902;21.628465275793083
PG4224;Spence;1868;29.36868612057473
PG2525;Jerome;1893;28.56899810964083
PG14262;Caine;1892;18.92520456378933
PG21447;Kingston;1847;27.412108661225485
PG29568;Bacheller;1904;18.327046918123276
PG27607;Richards;1896;23.748809523809523
PG20458;Bartlett;1910;15.886035821841814
PG1761;Davis;1890;18.528455284552845
PG62317;Crawford;1882;22.054874800213106
PG17496;Finley;1868;25.237174982431483
PG44210;Benson;1904;23.56179203258241
PG52047;Sutton;1898;28.639684813753583
PG10929;Ballantyne;1860;27.233049817739975
PG25586;Cather;1910;20.876008064516128
PG12360;Dell;1910;14.50224010240468
PG27432;Ford;1906;21.47209365641165
PG17731;Conrad;1890;19.706551915602443
PG34611;Jarvis;1890;23.469060351413294
PG36709;Hillern;1876;19.960693550917934
PG434;Rinehart;1917;18.804902755267424
PG27613;Raymond;1876;16.814760793465577
PG33289;Vandercook;1917;31.01622596153846
PG48863;Hancock;1895;18.723098201936377
PG28885;Carroll;1865;23.264512268102933
PG64978;Roy;1900;21.19429778247096
PG203;Stowe;1854;24.48016186340308
PG23789;Southworth;1859;20.906802818927083
PG3375;Howells;1878;22.184032476319352
PG30807;Stevenson;1872;20.39182156133829
PG16268;Quiller-Couch;1894;24.492827394724664
PG18510;Runciman;1872;22.64331937571374
PG44917;Freud;1898;40.58479532163743
PG47620;Oliphant;1862;22.530970982142858
PG66592;Seawell;1888;28.34744707347447
PG55845;Baum;1888;24.348819782690146
PG5575;Ebers;1868;25.28158844765343
PG47483;Doten;1870;24.962473940236276
PG12972;Bosher;1898;19.19280975818532
PG56158;Lagerlöf;1899;18.35687934027778
PG2807;Johnston;1903;21.142614119648428
PG3700;Trollope;1848;20.636708860759494
PG59199;Hull;1914;24.12588369441277
PG329;Stevenson;1872;24.631457208943715
PG14332;Hanshew;1886;23.59052614846606
PG21122;Vaizey;1887;23.879164909320963
PG7506;Ellis;1878;24.55984555984556
PG49913;Nesbit;1891;23.35649784059678
PG3959;Coppée;1875;26.503972758229285
PG19362;Verne;1866;18.13397129186603
PG51644;Glyn;1904;20.108868501529052
PG2185;Harte;1869;22.101045296167246
PG43141;Meade;1884;21.089135735573016
PG2814;Joyce;1912;18.906991799741043
PG56933;Stoddard;1880;20.77006893484545
PG25542;Atherton;1902;19.147072766058308
PG66195;Thomson;1900;26.463464938126105
PG59909;Hawkes;1912;20.098434004474274
PG21639;Webster;1896;19.22340425531915
PG3263;Lincoln;1907;15.79676782861975
PG30313;Seton;1903;23.14204163868368
PG55464;Ellis;1894;19.931638246041413
PG61682;Bullen;1886;38.71606557377049
PG50332;O'Brien;1845;22.10902255639098
PG52756;Oliphant;1862;22.046628859483302
PG59422;Haggard;1890;27.042435424354245
PG25768;Daudet;1868;28.41121889498102
PG1747;Lincoln;1908;18.497536945812808
PG17387;Little;1902;17.904761904761905
PG288;Cabell;1918;23.104007341694707
PG60125;Mason;1906;16.97939206594539
PG35912;Reid;1850;20.99679973050362
PG44062;Snell;1918;13.385310054184226
PG1840;Dreiser;1908;21.23842787409527
PG46343;Leroux;1898;22.6440410418311
PG6294;Parker;1897;20.579003181336162
PG25151;Alger;1866;14.64026895778857
PG22752;Raine;1912;14.90375
PG6279;Parker;1897;20.597308488612835
PG33490;Thurston;1893;17.18353976865595
PG238;Webster;1896;20.30244839174268
PG25986;Hichens;1907;15.91186839012926
PG5102;Duncan;1892;22.512017774187033
PG4058;Pater;1866;38.11207394569613
PG29570;Hall;1912;19.49866950505588
PG59911;Yates;1862;35.43631144599928
PG3183;Twain;1872;19.527522935779817
PG23631;Murfree;1886;32.60230292294066
PG31099;Beyerlein;1910;20.588490099009903
PG41180;Scott;1902;17.437191798598494
PG22674;Ralphson;1910;25.338953888506538
PG25998;Altsheler;1890;21.17472
PG19330;King;1888;27.33590932509016
PG9154;MacDonald;1864;29.27357881136951
PG56577;Malet;1892;22.294336118848655
PG6181;Parker;1897;19.137751303052866
PG23363;Aldrich;1872;28.047021943573668
PG16093;Harré;1916;17.68803545051699
PG30979;Bedford-Jones;1918;23.413251729643427
PG14304;Potter;1904;24.79310344827586
PG3622;Trollope;1848;18.368495620814013
PG43971;Merrick;1902;18.291561938958708
PG42874;Brereton;1914;27.138077000604717
PG30853;Bangs;1892;24.686233403214537
PG21721;Ballantyne;1860;29.861948955916475
PG21616;Morrow;1888;22.438368860055608
PG1601;Rinehart;1917;16.448568629585285
PG58680;Delano;1910;21.86457873842082
PG47433;Allen;1874;25.762312633832977
PG45401;Aimard;1850;24.894552869210603
PG4539;Curwood;1902;19.029589632829374
PG3646;Churchill;1909;25.752244897959184
PG35142;Werner;1878;24.572953736654803
PG35787;Phillips;1900;18.130365659777425
PG53049;Burnham;1890;16.92197682838523
PG41698;Porter;1866;27.984768211920528
PG52055;Lowndes;1908;31.81603541564191
PG14534;Finley;1868;24.298881193393715
PG42800;Mulford;1920;19.2166388340671
PG57497;Barbour;1907;17.596830113917783
PG63964;Russell;1878;21.776592592592593
PG3629;Dreiser;1908;20.42863992328592
PG21227;Robertson;1859;24.13937093275488
PG19412;Williamson;1901;27.29094643162759
PG22938;Vandercook;1917;23.339607201309327
PG26399;Abbott;1915;11.119297575873258
PG47211;Gallon;1890;22.89661789397937
PG60792;Coppard;1918;23.006385068762278
PG65189;Irvin;1918;12.57254430759988
PG2192;Galsworthy;1900;19.846418338108883
PG10781;Jacobs;1903;27.39512195121951
PG48459;Hancock;1895;17.891205560010693
PG34829;Abbott;1915;21.03049660004121
PG50676;Braddon;1875;26.15458077047588
PG37325;Stables;1875;21.417505650297926
PG31866;Tucker;1845;29.325030876904076
PG59113;Cullum;1905;15.936354202698029
PG29617;Gibbs;1906;17.15991521431936
PG22554;Mighels;1890;22.622568807339448
PG44172;Fitzhugh;1913;19.09359223300971
PG10728;Walton;1894;25.71688942891859
PG56579;Benson;1904;27.109824873849806
PG11639;Cabell;1918;29.985401459854014
PG53727;Peattie;1898;20.414878397711014
PG8929;MacDonald;1864;25.05824535857299
PG38136;Wilson;1881;27.27029702970297
PG55020;Baum;1888;20.23910915320607
PG8403;Benét;1920;23.938987187309333
PG44222;Cobb;1910;25.116938183441196
PG46348;Ralphson;1910;22.89861386138614
PG1970;Rinehart;1917;16.09141647421093
PG21472;Kingston;1847;27.477953550992932
PG25356;May;1870;21.054545454545455
PG44404;Cook;1900;20.122073578595316
PG5140;Trollope;1848;22.059799147900183
PG34045;Molesworth;1880;25.61489446435683
PG55949;Gratacap;1884;34.206896551724135
PG36079;Lowndes;1908;23.805091333074234
PG42840;North;1918;21.242057142857142
PG5452;Ebers;1868;24.17032392894462
PG48911;Bain;1902;33.26716839134525
PG6719;Roe;1863;22.0567943821609
PG24006;Miller;1875;19.998254037538192
PG65205;Talbot;1912;20.162815884476533
PG545;Burroughs;1912;27.658176943699733
PG3105;Warner;1864;22.349787578393688
PG14779;Westall;1868;21.964616524638757
PG3632;Collins;1856;17.75799617844978
PG6186;Parker;1897;22.271428571428572
PG6244;Parker;1897;20.722443559096945
PG14740;Williamson;1890;24.30462375339982
PG12386;Holley;1881;31.328318288197927
PG5371;Churchill;1909;19.573874445149016
PG45402;Aimard;1850;24.97651663405088
PG5727;Bailey;1913;15.772394881170019
PG41269;Boothby;1886;23.579331648413365
PG45265;Potter;1904;14.48
PG23633;Murfree;1886;26.31297709923664
PG35946;Lathrop;1874;22.259854657564414
PG10372;Vachell;1908;16.763345943673812
PG21788;Henty;1867;24.03840898739942
PG35705;A. L. O. E.;1857;27.249112845990062
PG17371;Gruelle;1909;20.42627883650953
PG45857;Vandérem;1902;18.506043395951654
PG26651;Chambers;1899;17.789647791399105
PG32117;Fyles;1879;21.76987568661463
PG10573;Jacobs;1903;19.570618264322178
PG28295;Chambers;1899;19.974291272929406
PG55101;Hume;1896;15.489528422852258
PG39231;Johnston;1897;20.17913965822039
PG46156;Blackmore;1862;32.335372436128104
PG2728;Haggard;1890;29.130872483221477
PG24252;Optic;1860;23.988718775181304
PG52211;Walpole;1912;23.839935760171308
PG6245;Parker;1897;20.423190546528804
PG6517;Merriman;1882;18.938700449530035
PG5247;Bennett;1899;17.52182454417091
PG61235;Merezhkovsky;1903;23.19344262295082
PG2776;Henry;1886;19.793213457076565
PG35447;Dixon;1905;17.80123693751333
PG17733;Crockett;1887;24.527380590203833
PG1848;Haggard;1890;28.97228244038402
PG5521;Ebers;1868;32.15810810810811
PG6177;Parker;1897;19.20616113744076
PG4603;Hichens;1907;17.53136574754542
PG11478;Jacobs;1903;16.15062761506276
PG13531;Stockton;1868;27.112666666666666
PG10930;Bindloss;1906;18.741653302230645
PG29130;Duncan;1894;17.932025547445257
PG5441;Ebers;1868;25.78439024390244
PG25991;Derieux;1902;17.140979234139838
PG2813;Bennett;1899;17.645403738677974
PG23154;Vachell;1908;17.19627390096421
PG58115;Horton;1901;18.802464306669275
PG41549;Davis;1904;19.660540283609286
PG12308;Henty;1867;31.11644908616188
PG21733;Ballantyne;1860;24.378674351585016
PG54439;Thruston;1900;19.31997710360618
PG48690;Besant;1868;23.389742103738048
PG42498;Dowling;1872;17.24911971830986
PG58954;Lummis;1894;23.710387078808132
PG47557;Oliphant;1862;24.02126024590164
PG48630;Carroll;1865;19.210070810385524
PG2636;Sabatini;1912;22.921201716738196
PG65528;Harbaugh;1886;20.221693625118935
PG52606;Fraser;1868;21.161955241460543
PG60241;Benson;1904;21.75013477088949
PG50318;Serao;1892;19.600290697674417
PG21322;Bailey;1913;15.855624446412754
PG37576;Fuller;1896;18.96900525903547
PG14187;Michaëlis;1911;19.99685534591195
PG35928;Bain;1902;31.702729044834307
PG6290;Parker;1897;22.035113386978786
PG16097;Bangs;1892;23.10241893978384
PG51921;Hergesheimer;1917;23.868785046728973
PG3147;Wiggin;1890;26.077486910994764
PG5447;Ebers;1868;30.91264667535854
PG2787;Alcott;1860;27.737905695039803
PG5527;Ebers;1868;26.729763387297634
PG12201;Jacobs;1903;27.744588744588743
PG16308;Murray;1872;28.99794801641587
PG12199;Catherwood;1874;20.12723373838456
PG55709;Stacpoole;1907;23.382694023193576
PG26620;Leslie;1854;26.705544933078393
PG5175;Haggard;1890;23.784209085933224
PG50273;Clouston;1907;18.9540925962102
PG4428;Meredith;1868;20.870349492671927
PG28680;Trowbridge;1872;19.15191873589165
PG1622;Collins;1856;18.135164725788794
PG1881;Grey;1906;16.195871097683785
PG22063;Service;1916;15.55435294117647
PG42119;Aimard;1850;22.493995456020773
PG765;Merritt;1914;20.05241630056052
PG51319;Roy;1900;20.055279014933195
PG26256;Curtis;1909;22.103302286198137
PG25164;Reid;1850;21.431562193927522
PG29616;Stoddard;1880;23.280479896238653
PG40882;Eliot;1850;28.77183446571958
PG32520;Richards;1896;16.76491310474401
PG18652;Bailey;1913;15.02883865939205
PG45507;Patchin;1893;15.801643192488262
PG4707;Curwood;1902;18.256814641744548
PG12122;Jacobs;1903;18.4281045751634
PG33425;Barbour;1907;17.968676443961616
PG51497;Blackmore;1862;30.91301809690601
PG23004;Chaplin;1886;24.173333333333332
PG35910;Kingston;1847;31.48506246605106
PG1614;Hawthorne;1890;21.053018372703413
PG27966;Dehan;1898;24.594562115066847
PG2821;Kipling;1900;8.55210745715609
PG33387;Brazil;1908;25.771764705882354
PG5151;Reeve;1908;14.991767699446191
PG46051;Quiroga;1908;17.013419216317768
PG57196;Griffiths;1873;20.959757442116867
PG43878;Molesworth;1880;24.136363636363637
PG2719;James;1880;30.15705128205128
PG45919;Farjeon;1868;19.157689495491105
PG2152;London;1896;23.538726873628097
PG34394;Burton;1904;18.75670356703567
PG39782;Guiney;1890;32.39421157684631
PG495;Conrad;1890;26.061872909698998
PG30448;Carryl;1888;23.041344667697064
PG21959;Lorimer;1903;30.541014698909436
PG331;Burroughs;1912;21.13902959210877
PG44237;Saltykov;1858;17.89107431843645
PG28381;Alger;1866;16.94330262225372
PG13799;Quiller-Couch;1904;23.142946317103622
PG26237;Braddon;1875;20.90923868870225
PG59752;Burroughs;1912;29.487457880943467
PG6454;Moodie;1844;21.01410934744268
PG19648;Harris;1878;24.30611423974256
PG42100;Miller;1894;19.48436693839645
PG35538;Ruiz de Burton;1864;22.03424491771539
PG2466;Turgenev;1850;18.132684715172026
PG44262;Alcock;1874;21.895520386266096
PG21270;Alger;1866;15.156281508368624
PG20618;Stratemeyer;1896;16.44581618655693
PG2606;Yonge;1862;24.99188640973631
PG56381;Castlemon;1878;22.63632986627043
PG46582;Whishaw;1894;28.441831683168317
PG49361;Comstock;1902;16.863656163786846
PG36846;Halsey;1896;28.64767156862745
PG24361;Ray;1905;16.87437781464802
PG40432;Stevens;1873;31.157088122605366
PG41870;Pearse;1886;22.64485981308411
PG511;Le Fanu;1844;37.77272727272727
PG35388;Herrick;1903;27.158823529411766
PG2860;Trollope;1848;24.006522516082917
PG25810;Burnett;1886;20.526837021640787
PG18489;Richmond;1912;19.05704407951599
PG65833;Gregory;1912;17.94360568383659
PG154;Howells;1878;20.684026156001867
PG5987;Merriman;1882;20.917986548058146
PG42730;Black;1870;26.042150680385
PG64510;Wood;1897;22.66770670826833
PG2037;Jerome;1893;23.43381060035167
PG51953;Kester;1890;18.177810588483442
PG29083;Williamson;1890;23.820761014686248
PG17031;Lang;1878;19.41316581599267
PG39995;Ryan;1900;20.792103142626914
PG286;Stratton-Porter;1894;22.117939496509415
PG15651;Burnett;1886;28.96747448979592
PG10572;Jacobs;1903;22.991902834008098
PG8673;Serviss;1890;24.05531686358754
PG39490;Westerman;1918;28.084860557768923
PG12577;Cable;1884;22.412204951065053
PG24758;Altsheler;1890;25.907625691604522
PG37623;Kraszewski;1850;19.20837027841816
PG37652;Westerman;1918;21.139584317430327
PG39097;Brady;1890;20.32281971733885
PG20059;Wallace;1901;20.58116515837104
PG110;Hardy;1884;24.20497966227043
PG41560;Baskerville;1916;17.215356730927667
PG64635;Standish;1906;14.974111980734497
PG60185;Weigall;1907;26.321092051220102
PG65784;Taggart;1906;17.674772036474163
PG41542;Fern;1842;22.74837074583635
PG21931;Jacobs;1903;19.711047345767575
PG9263;Barr;1881;18.57178932178932
PG44219;Butler;1903;18.0559796437659
PG14469;Saintsbury;1889;43.806845137241616
PG26852;Nicoll;1918;14.426678445229681
PG55763;Baum;1888;20.951192660550458
PG38234;Mulford;1920;18.592260153031194
PG51537;Jewett;1879;26.068273092369477
PG21403;Kingston;1847;33.195009757457484
PG6364;MacDonald;1864;26.22502210433245
PG63903;Oliphant;1862;21.301636788776307
PG54629;Senarens;1901;15.02803738317757
PG10201;Grey;1906;15.497006566241792
PG46813;Whishaw;1894;35.16615787178369
PG3533;Leacock;1906;27.256061719324027
PG23382;Fenn;1870;20.83717105263158
PG33386;Leblanc;1902;15.518525936310835
PG52247;Bennett;1899;20.087492660011744
PG35132;Blackwood;1910;19.907305936073058
PG24437;Arthur;1847;22.339709257842387
PG27168;Eggleston;1870;23.4
PG19473;Optic;1860;19.562750539623806
PG64603;Winter;1884;20.304928989139515
PG19107;Read;1896;18.7496336612937
PG15841;Conquest;1912;29.722192655667907
PG21451;Kingston;1847;27.22836752899197
PG18953;Bailey;1913;18.521516393442624
PG3967;Bourget;1894;26.20989898989899
PG63250;Magruder;1880;25.272628135223556
PG24642;Becke;1884;41.90780141843972
PG64253;Grant;1854;39.02217194570136
PG5758;Jacobs;1903;20.16566452415509
PG41660;Conway;1866;21.366940718303766
PG54761;Lessing;1905;17.174222982606217
PG57402;Buchan;1908;22.424274406332454
PG19761;Meade;1884;17.330814639905547
PG43192;Maclaren;1878;34.310051107325386
PG4476;Meredith;1868;22.54520961310486
PG41139;Thorne;1899;17.99186532595187
PG6275;Parker;1897;30.145877378435518
PG57737;Speight;1872;22.636394790952707
PG40463;Johnston;1897;23.926757453073243
PG36433;Charles;1862;27.028932205467697
PG10790;Jacobs;1903;22.23076923076923
PG50394;Saunders;1904;19.40375816993464
PG18838;Fiske;1909;17.701542588866534
PG54795;Phillpotts;1911;19.05551926845199
PG42040;Snell;1918;15.490571870170015
PG37294;Lowndes;1908;25.760664819944598
PG25778;Roy;1900;22.89863325740319
PG22282;Harris;1878;34.12251655629139
PG38199;Stables;1875;20.92616545405551
PG2574;Harte;1869;22.538041357783847
PG10210;Parrish;1890;20.408917619757997
PG285;Hyne;1905;26.002349423323366
PG32708;Jókai;1864;22.802591128678085
PG55360;Day;1900;19.19900156617071
PG52235;Bowen;1920;28.992330383480827
PG2665;Holmes;1852;31.10854323552324
PG12476;Harraden;1900;17.28640608785887
PG31485;Nason;1892;15.620241236336224
PG49591;Du Chaillu;1869;22.001223491027734
PG45192;Ellis;1878;27.676147907354736
PG5264;Wells;1902;16.810845986984816
PG2761;Haggard;1890;23.68241965973535
PG2470;Cherbuliez;1864;21.276610017889087
PG2438;Sherwood;1910;19.42431610942249
PG48848;Colton;1892;20.370761115297665
PG3811;Altsheler;1890;21.234139739468787
PG21743;Ballantyne;1860;26.14591439688716
PG42699;Smyth;1904;21.140368852459016
PG11426;White;1910;18.137810559006212
PG6192;Parker;1897;22.59552992069214
PG34378;Dodge;1868;19.828089692334434
PG21691;Ballantyne;1860;32.65597667638484
PG63431;Stratemeyer;1896;18.013693030860413
PG15868;Hale;1866;26.07865757734662
PG2351;Craik;1856;20.76850684816402
PG62883;Ewald;1882;19.315287708546137
PG23540;May;1870;21.84355300859599
PG14863;Daviess;1898;30.409004739336492
PG44724;Otis;1880;27.309794372294373
PG44196;Aimard;1850;23.01309305927073
PG3137;Lincoln;1907;13.596187554776511
PG29792;Ingraham;1874;27.136634400595682
PG9959;Yonge;1862;29.480449167836376
PG58322;Oliphant;1862;22.68383340797134
PG58336;Westerman;1918;17.760493827160495
PG64585;Richardson;1915;17.444679351656095
PG33453;Hill;1892;24.01925690983235
PG5464;Ebers;1868;40.66083445491252
PG2471;Harte;1869;23.571177944862157
PG51955;Post;1900;25.436681222707424
PG48604;Taggart;1906;24.599061810154524
PG9745;Altsheler;1890;19.739830048815765
PG20994;Reed;1872;24.048901853122857
PG3608;Tressell;1890;28.607978956597982
PG707;Hornung;1894;21.837469733656174
PG49935;McNeile;1912;19.305450805622215
PG3408;Sabatini;1912;23.506535198349003
PG8681;Barr;1881;19.02044571662237
PG40813;Turgenev;1850;24.30906104571585
PG14797;Potter;1904;20.322916666666668
PG31082;Bump;1890;17.57126654064272
PG5996;Phelps;1904;29.00714540907467
PG15402;Dickinson;1887;24.930936880837816
PG54737;Alger;1866;14.4244619205298
PG45495;Crockett;1887;25.511661113755356
PG60482;Barry;1881;24.06735132553141
PG5191;Rhodes;1849;26.56201550387597
PG46484;Wade;1898;20.809282700421942
PG6884;Atherton;1902;18.05478353821486
PG25334;Ellis;1878;24.123371222622676
PG13738;Palmer;1916;17.809093213893348
PG13723;Bennett;1899;19.46216162813673
PG1266;Reed;1892;20.20368691447567
PG23256;Catherwood;1874;17.13240418118467
PG31065;Optic;1860;20.061005518087065
PG28544;Warner;1870;20.377371339624478
PG5753;MacDonald;1864;26.456335184250378
PG10364;Kingsley;1847;25.57780364765231
PG4761;Tolstoy;1869;17.676724137931036
PG51307;Le Queux;1896;19.145713720055433
PG42246;Richards;1896;16.946102819237147
PG37949;Merington;1904;18.632378322402484
PG26550;Dodge;1911;18.180766051253787
PG25691;Holt;1864;23.00062292358804
PG43594;Blackwood;1910;20.078392458447034
PG57910;Connolly;1912;23.862021481685485
PG344;Stevenson;1872;26.703446502057613
PG37458;Roy;1900;21.078268876611418
PG41154;Scott;1902;16.87002067539628
PG21732;Ballantyne;1860;23.297216699801194
PG54808;Stacpoole;1907;22.238837855159154
PG32668;Jókai;1864;20.83795673958206
PG30356;Mullins;1898;28.88744372186093
PG47002;Gautier;1881;18.9666899930021
PG52049;Hubbard;1886;25.522292993630572
PG36108;Watson;1850;20.029919447640967
PG38343;Bindloss;1906;19.00621727748691
PG4217;Joyce;1912;19.63748137108793
PG19999;Trowbridge;1872;19.480925578486556
PG33384;Fortescue;1896;33.05707395498392
PG39857;Steel;1888;21.24258037922506
PG10570;Jacobs;1903;16.28486646884273
PG4402;Meredith;1868;30.192063492063493
PG5968;MacDonald;1864;20.244684227229452
PG13756;Anderson;1894;18.618163820836426
PG36083;Isham;1894;20.2001287001287
PG21384;Kingston;1847;28.958090480155427
PG3720;Trollope;1848;27.470149253731343
PG37148;Smith;1876;24.560965794768613
PG26238;Braddon;1875;22.214563979622415
PG31188;King;1888;24.635505193578847
PG659;Alger;1866;16.276047261009666
PG4454;Meredith;1868;22.268842729970327
PG31595;Sinclair;1904;18.214000825195985
PG41909;Snell;1918;16.06228373702422
PG726;Howells;1878;36.96747967479675
PG9267;Bower;1906;19.530570652173914
PG56233;Hume;1896;18.30311700045174
PG20485;Clouston;1907;18.41724941724942
PG21368;Fenn;1870;29.643388528917686
PG6258;Parker;1897;18.53063802905875
PG22320;Stowe;1854;32.17331399564902
PG2870;James;1880;20.72009512485137
PG28366;Lane;1886;30.784115978569176
PG41089;Le Queux;1896;22.356295040271302
PG7766;Ouida;1874;33.977055449330784
PG54725;Stahl;1850;18.03265306122449
PG25919;Benson;1904;24.808231368186874
PG27339;MacGrath;1902;13.736352466210286
PG3746;Parker;1897;21.79848248158893
PG6175;Parker;1897;18.26923076923077
PG26335;Shute;1900;23.783441367118446
PG43714;Otis;1880;33.67600193143409
PG15964;Benson;1894;28.57804232804233
PG10165;Greg;1862;34.60664541030374
PG18418;Alexander;1864;19.667476820595912
PG8664;Glaspell;1912;19.861807387862797
PG41187;Le Queux;1896;19.699980287798148
PG39214;Weyman;1892;22.16466552315609
PG5793;Yeats;1902;44.72932330827068
PG18943;Fitzhugh;1913;20.676509475539884
PG6198;Parker;1897;18.41376757957069
PG15541;Chittenden;1880;22.04345307068366
PG32894;Mitford;1884;18.9955272664717
PG59439;Fitzhugh;1913;18.739067055393587
PG24513;Timlow;1896;17.540964555490994
PG58627;Grayson;1900;17.914193548387097
PG35859;Baum;1888;18.493819530284302
PG28462;White;1912;16.197516492045015
PG42016;Snell;1918;17.1997463538364
PG42357;Williamson;1901;22.87878787878788
PG30417;Stephens;1886;21.452609407910135
PG4398;Smith;1876;22.019257460097155
PG24871;Fenn;1870;19.537026066350712
PG21234;Holt;1864;20.956777996070727
PG41177;Remington;1885;22.06392811296534
PG58431;Wood;1850;19.336263408820024
PG4619;Arthur;1847;26.532390745501285
PG61547;Wells;1906;22.7645472061657
PG7303;Bellamy;1874;34.35236894253288
PG12317;Johnston;1897;22.330304649919828
PG6196;Parker;1897;21.74775672981057
PG21385;Kingston;1847;24.078226489692177
PG56432;Hume;1896;20.75525572638845
PG34410;Tarn;1913;21.1099324975892
PG59039;Hilliers;1898;27.613003095975234
PG55706;Taylor;1908;23.864763100094134
PG38421;Hudson;1882;36.029710144927535
PG6180;Parker;1897;21.875586854460092
PG898;James;1880;21.599488163787587
PG14598;MacGrath;1902;13.250147841513897
PG59994;Rickert;1904;16.86637931034483
PG13716;Munro;1890;23.501980554555274
PG25651;Kirk;1902;27.21209885651051
PG57774;Orczy;1906;26.304300489929233
PG53899;Nauman;1880;33.017736486486484
PG36179;Stratemeyer;1896;18.389046079223927
PG23551;Murfree;1886;27.81858407079646
PG11259;Dowd;1894;13.794389940583114
PG420;Baum;1888;21.86731141199226
PG764;Dodge;1868;18.124024707412225
PG22186;Stratemeyer;1896;19.48504426896387
PG36480;Gould;1888;15.207239020083867
PG29404;Donnell;1902;15.682038834951456
PG1263;Wharton;1900;24.861655522250402
PG35462;Fleming;1860;18.97217347706192
PG10676;Rizal;1878;26.107372072853426
PG22249;Ford;1907;19.969017529555646
PG10368;Stockton;1868;26.618968386023294
PG2684;Galsworthy;1900;17.951797040169133
PG17333;Ford;1907;16.891915954415953
PG23441;Williamson;1901;26.445150360016942
PG883;Dickens;1841;21.74545007378259
PG9305;Barr;1881;17.538489338633898
PG62875;Osbourne;1908;27.385845986984815
PG48795;Carroll;1865;18.569113756613756
PG21202;Ballantyne;1860;27.473070017953322
PG57147;Cheyney;1914;20.7515762925599
PG6997;Wright;1908;21.56745406824147
PG20155;Cooper;1913;17.831787597745045
PG23646;Prus;1880;20.366548042704625
PG37981;Alcott;1860;34.054621848739494
PG4624;Arthur;1847;18.64558472553699
PG43688;Allen;1874;25.758587786259543
PG15738;Edginton;1920;18.2746457642448
PG56827;Vachell;1908;14.448742064425112
PG16720;Crawford;1882;24.127762039660055
PG55217;Alger;1866;14.688743038981702
PG55074;Otis;1880;37.648941176470586
PG57751;Curtis;1884;26.8
PG867;Jerome;1893;18.70639534883721
PG27447;Hergesheimer;1917;22.701195219123505
PG10659;Blackwood;1910;26.844638949671772
PG53289;Chambers;1899;19.071593237704917
PG66161;McIntyre;1911;18.952001721911323
PG54647;Baum;1888;23.539032144118686
PG50811;Eggleston;1875;22.614709851551957
PG22152;Moffett;1894;18.103111514876222
PG48163;Baring-Gould;1879;22.27595884003742
PG14881;Butterworth;1872;19.455981941309254
PG54098;McCutcheon;1897;18.57600434310532
PG41296;Saunders;1904;20.55327982286189
PG35290;Robinson;1866;25.78322894919972
PG12304;Broughton;1880;21.105027669845754
PG35516;Marchmont;1888;18.454479559292547
PG12807;Hancock;1895;18.66406475860075
PG8532;White;1900;26.65622804376192
PG21127;Thurston;1893;19.45157894736842
PG2773;Galsworthy;1900;20.327848101265822
PG52700;Lee;1906;18.22827016243944
PG14907;Benson;1912;21.763803680981596
PG27355;Ames;1903;19.16745685567988
PG55606;Hume;1896;18.548527618051924
PG8514;Zola;1871;26.804823331463826
PG31173;Quiller-Couch;1894;20.176968272620446
PG43853;Snell;1918;13.258818866428854
PG35920;Wells;1906;17.1684375
PG3739;Churchill;1909;22.22481165243596
PG6233;Parker;1897;25.3314332247557
PG1620;Davis;1890;23.19538606403013
